customer_id,name,signup_date,region
1,Larry Rasmussen,2024-04-19,New Billybury
2,Jessica Bean,2024-06-02,East Andreland
3,Gary Moran,2023-01-05,North Valerie
4,Katherine Foster,2023-05-25,Port Markton
5,Shawna Solomon,2024-06-02,East Kathleenmouth
6,Linda Todd,2024-04-08,Edwardsport
7,Angela Robertson,2022-11-22,Duncanhaven
8,Maxwell Singleton,2025-02-19,Port Shannon
9,Sylvia Torres,2024-01-19,North Jerrybury
10,Kathryn Cordova,2023-04-10,Lynnview
11,Mrs. Courtney Mcmillan,2024-07-01,Paulchester
12,Amy Braun,2024-02-04,North Kim
13,Michelle Diaz,2023-09-02,North John
14,James Hawkins,2023-03-22,South Renee
15,Brooke Wallace,2022-08-19,Port Markton
16,Stacy Nguyen,2024-01-19,Lake Wendy
17,Jeffrey Lopez,2024-03-14,Mendezberg
18,Rebecca Bell,2025-02-05,New Joshuaton
19,Lisa Wang,2025-06-11,Port Rebeccachester
20,Austin Nguyen DVM,2025-03-06,South Brandon
21,Brandon Rush,2023-02-04,Lake Stevenchester
22,Kimberly Davidson,2023-09-20,Jonesport
23,Amy Macdonald,2023-11-21,Diazborough
24,Tammy Smith,2024-12-24,Josephborough
25,Travis Madden,2022-12-10,Joeshire
26,Ross Mullins,2023-08-13,New Mollymouth
27,Christine Butler,2024-04-22,New Latoya
28,Michael Coffey,2023-02-25,Jenniferborough
29,Jessica Fleming,2024-08-08,Juliebury
30,Dylan Thornton,2022-12-17,North Cory
31,Joe Morales,2025-02-20,Keithmouth
32,Evelyn Franco,2024-08-20,East Oliviaville
33,Christy Rivers,2025-05-21,South Lorraine
34,Mike Burton,2023-01-24,Lake Joseph
35,Vincent Acosta,2023-09-01,Susanbury
36,Christine Brooks,2025-02-08,Ibarraburgh
37,Terri Johnson,2022-12-21,New Jane
38,Kevin Parker,2022-10-30,West Kimberly
39,David Mays,2024-01-22,East Rebeccaside
40,William Adams,2025-03-13,Levifort
41,Ricky Carson,2023-08-08,Davidberg
42,Jennifer Richardson,2024-07-01,Susanfurt
43,Ashley Phillips,2022-07-31,Andreafort
44,Jesse Murray,2024-10-21,Port Michelle
45,Chris Smith,2025-02-13,Davidberg
46,Ryan Pennington,2022-11-08,Nancyberg
47,Sarah Lee,2024-09-10,Port Brian
48,Molly Phillips,2025-02-25,New Ernestborough
49,Lynn Gonzales,2023-04-07,South Anthony
50,Miranda Adams,2022-11-21,North Samantha
51,Rachael Moore,2024-01-21,Carolineville
52,Nathan Diaz,2023-12-13,New Taylor
53,Jennifer Ochoa,2024-06-10,Aliciaside
54,Stephanie Howard,2025-03-27,Lake Erica
55,Dana Oconnor,2024-05-14,Christopherview
56,Jonathan Jackson,2023-03-06,Amandafurt
57,Joshua Williams,2023-06-16,West Aaronview
58,Dr. Patricia Smith,2024-03-15,North Jerrytown
59,Sharon Todd,2022-09-29,Josephfurt
60,Alexa Hernandez,2025-06-01,Port Phillipmouth
61,Kristin Guzman,2023-05-24,Josephhaven
62,David Robertson,2022-12-18,North Johnberg
63,Emily Welch,2023-12-21,Michaelton
64,Luke Bowen,2024-08-03,Skinnermouth
65,Joshua Mitchell,2023-03-30,Lawsonstad
66,Dale Castro,2023-12-11,West Craig
67,Veronica Ortega,2024-05-05,Kyletown
68,Courtney Stein MD,2025-04-21,South Melissa
69,Patrick Garcia,2024-09-17,New Markmouth
70,Amber Green,2022-12-25,New Jasonmouth
71,Joseph Murphy,2023-11-24,Mossberg
72,John Hale,2022-11-11,Wareside
73,Donald Wood,2023-07-01,North Gary
74,Doris Kane,2023-12-19,Karistad
75,Travis Wall,2022-10-03,North Jeffreyville
76,Derek Rollins,2025-04-04,South Christianton
77,Robert Dillon,2024-07-15,Hutchinsonburgh
78,Stephanie Salinas,2024-01-01,East Matthewmouth
79,Patrick Garrison,2024-02-17,Reyesside
80,Shannon Spencer,2025-02-15,Cooleyside
81,Thomas Parsons,2025-03-14,Port Tonyastad
82,Jonathan Russell,2023-05-10,Perezbury
83,Eric Potts,2025-06-21,Bonniemouth
84,Melissa Campbell,2025-05-22,Barbaraborough
85,Kristina Bates,2023-02-28,Maryfurt
86,Kurt Boyle Jr.,2023-10-07,West Jonathanville
87,Lindsey Haynes,2023-08-24,Cooperhaven
88,Tricia Lewis,2025-03-13,Linport
89,Susan Shaw,2023-01-25,Lake Marcusfurt
90,Christopher Wallace,2024-05-05,New Ianton
91,Donald Holder,2024-12-09,New Austin
92,Deborah Hood,2022-07-18,Brittanystad
93,George Adams,2023-07-11,Maldonadofurt
94,Richard Summers,2023-01-27,New Michael
95,Nicole Lopez,2022-08-24,New Jessica
96,Christy Carlson,2025-04-04,Alyssastad
97,Yolanda Park,2023-03-22,Gregoryville
98,Steven Huang,2025-01-28,North Nicholas
99,Andrew Douglas DDS,2024-06-26,Michaelfurt
100,Michael Bell,2023-10-13,West Heatherside
101,Sheena Wilson,2022-12-05,Lake Randall
102,Stephanie Williams,2024-01-20,West Brandon
103,Dr. Joseph Wilson,2023-01-07,North Cynthiaberg
104,Chris Prince,2024-04-04,East Sharonberg
105,Lori Miles,2023-02-18,Port Katherine
106,Andrea Salazar,2025-01-13,Lake Kathleentown
107,Kelly Maynard,2024-04-07,Powellland
108,Eric Lopez,2023-05-24,South Carolynside
109,Shannon Hansen,2023-02-10,Lindseyville
110,Deanna Mccormick,2023-09-12,Lake Joanna
111,Robert Cox,2024-07-09,East Mikehaven
112,Ashley Butler,2025-05-06,Lake Oliviafurt
113,Arthur Moore,2024-05-22,Anthonyview
114,Crystal Rojas,2023-01-09,Port Thomaston
115,Cindy Thomas,2023-10-07,Gonzalesside
116,Jessica Munoz,2025-04-16,West Kimberlyview
117,Leah Mooney,2023-10-22,North Davidport
118,Jason Morales,2024-09-11,West Judy
119,Zachary Dillon,2022-12-22,East Jorge
120,Jacob Wallace,2024-03-25,East Timothyview
121,Ms. Kimberly Wallace,2025-05-13,Adamland
122,Scott Wagner,2023-01-15,West Michael
123,Katherine Ashley,2024-12-27,Williamhaven
124,Ryan Russell,2024-08-28,Pinedafort
125,Makayla Buckley,2023-10-05,Clarkton
126,Troy Roberts,2025-05-13,Evanmouth
127,Michael Smith,2023-12-18,South Ashleyhaven
128,Carlos Wood,2023-08-02,Lake Natalietown
129,Tonya Williams,2024-12-30,Kirkburgh
130,Tim Bell,2025-05-27,New Michael
131,Mariah Harris,2023-07-15,West Aprilhaven
132,Amanda Pham,2023-01-26,Brandonbury
133,Brendan Simpson,2022-09-30,South Matthewstad
134,Erica Mitchell,2023-08-07,West Angela
135,John Ellis,2024-02-06,Pittmanhaven
136,Frank Moran,2023-01-30,Port Michael
137,Ana Mitchell,2024-12-29,Campbellfurt
138,Anthony Houston MD,2025-04-24,Weberfurt
139,Nicole Brown,2023-06-09,South Joshua
140,Tyler Simmons,2022-12-11,West James
141,Kelli Mays,2022-12-25,North Kathyville
142,Christopher Kennedy,2023-05-19,Ashleyville
143,Carolyn Sparks,2025-06-02,South Danielle
144,Daniel Jenkins,2023-12-17,Timothystad
145,Drew Smith,2023-01-27,Port Brandon
146,Scott Fernandez,2023-02-25,Wrightport
147,Miss Angela Zimmerman,2024-03-22,Charlesfurt
148,Stacey Rogers,2025-07-13,Mcdanielbury
149,Laura West,2024-03-13,Griffinland
150,Cassandra Jones,2024-06-02,Port Gregory
151,Sharon King,2023-05-06,West Christopher
152,Yvette Steele,2025-02-25,East Laurafort
153,Stephen Rodriguez,2024-01-15,Hughesstad
154,Mark Mason,2023-06-17,Caseyberg
155,Richard Smith,2024-11-08,Martinezmouth
156,Robert Scott,2024-09-12,North David
157,Tracie Spencer,2024-10-22,West Jane
158,Renee Barker,2025-06-23,Lake Davidview
159,Frank Robinson,2025-03-05,Veronicastad
160,Samantha Rose,2023-03-24,Allenmouth
161,Tracy Orozco,2022-11-08,Jamesside
162,Michelle Brady,2023-07-08,West Thomas
163,Ryan Ho,2024-02-04,Turnerville
164,Alicia King,2023-07-06,Pamelafurt
165,Peter Mccormick,2025-02-06,East Allison
166,Melissa Parks,2024-08-28,Jessicaburgh
167,Sara Patterson,2024-10-12,West Pamelaborough
168,Kayla James,2024-11-20,Georgeview
169,Hayden Page,2023-06-12,Hendersonborough
170,Claire Mason,2024-04-27,Janetchester
171,Robert Clark,2024-10-31,South Danielle
172,Katherine Goodman,2025-04-14,Robinland
173,Matthew Preston,2023-02-21,Port Michaelburgh
174,Valerie Mason,2025-07-07,Blanchardfort
175,Sean Weber,2023-01-17,North Devinview
176,Lisa Lee,2023-05-26,South Kevintown
177,Amy Larson,2025-02-18,Port Heatherfurt
178,Anna Johnson,2024-07-02,East Scottstad
179,Brianna Parks,2022-10-02,South Tanner
180,Jonathan Jimenez,2022-09-29,Guerreroburgh
181,Mr. Chad Kim MD,2023-01-28,Armstrongfort
182,Julie Anderson,2022-08-08,South Mirandastad
183,Shaun Barnes,2023-07-16,Lambport
184,Amanda Clarke,2024-01-27,Stonetown
185,Scott Williams,2023-09-20,North James
186,Katelyn Navarro,2024-04-03,Kinghaven
187,Michelle Acosta,2022-12-30,North Lauraberg
188,Roger Lara,2022-11-24,North Christina
189,Joseph Johnson,2024-10-26,Jenniferburgh
190,Joseph Parker,2023-04-27,New Michael
191,Lisa Stark,2025-03-06,Port Stephenland
192,Alison Hill,2024-05-23,Lake David
193,Corey Nelson,2022-12-17,South Rogerside
194,Michael Perez,2022-12-26,Hintonbury
195,Jessica Stephenson,2024-12-31,Rebekahtown
196,Tammy White,2022-11-02,Burkeville
197,Paul Daniels,2023-01-04,Amandaside
198,Stephanie Adams,2024-04-10,Edwardsport
199,Rebecca Rodriguez,2025-04-06,Fisherchester
200,Sara Cuevas,2025-04-30,Lake Jennifer
201,Mr. Joshua Holt,2024-12-16,Ramosfurt
202,Adam Baldwin,2022-10-10,Dawsonborough
203,Brandon Landry,2024-01-14,East Mariohaven
204,Kelly Rios,2023-06-09,Charlesfurt
205,Peter Morris,2024-02-21,Wilsontown
206,Matthew Gallegos,2025-06-27,Antoniomouth
207,Katie Hooper,2025-03-23,Bakerborough
208,Chase Wyatt,2025-06-25,Padillastad
209,Richard Summers,2022-11-02,Garciashire
210,Sarah Love,2024-12-08,Grahambury
211,Hannah Oliver,2025-02-21,North Jacquelineview
212,Misty Ayala,2022-09-23,Andrewstad
213,Ian Simmons,2023-08-11,Pattersonside
214,Leslie Joyce,2022-11-17,Rossland
215,Jason Washington,2024-05-10,West April
216,Cynthia Glover,2024-04-24,West Bryantown
217,Julie Sims,2023-05-10,Kylebury
218,Mary Horn,2023-12-25,East Jessica
219,Melissa Castro,2023-03-06,South Gregory
220,Kyle Smith,2023-02-11,Williamsonchester
221,Michelle Flores,2023-12-25,Bartlettfort
222,Teresa Powers,2024-06-05,Michealville
223,Kirsten Evans,2025-02-21,Lake Richardmouth
224,Rachel Roberts,2025-05-02,East Kimberly
225,Daniel Orozco,2025-02-20,South Donaldview
226,Regina Raymond,2023-06-02,Garnerstad
227,Susan Hill,2024-12-10,East Sharon
228,Jessica Charles,2023-08-29,Tylerborough
229,Laurie Brown,2025-03-25,East Wayneburgh
230,Brent Alexander,2024-04-16,Norrisland
231,Heather Chase,2024-06-21,Sergiotown
232,Nicholas Williams,2023-01-05,Port Danaborough
233,Keith Warren,2023-09-04,East Jessicaton
234,James Bryant,2024-12-20,Joshuaborough
235,Scott Davis,2022-08-21,Lake Robertfurt
236,Michael Jimenez,2024-12-16,East Rebekahshire
237,John Archer,2025-01-27,Zunigaland
238,Joseph Moore,2024-09-08,North Davidbury
239,Daniel Taylor,2023-10-14,Lake Kellyborough
240,Matthew Berg,2023-08-25,West Coreybury
241,Kelly Thompson,2024-06-13,West Jeffrey
242,Monica Davis,2022-11-10,Edgarview
243,Jacob Wilson,2025-06-06,Lake Meghanbury
244,Amy Hernandez,2025-04-20,Markmouth
245,James Baxter,2023-11-09,Jessicaton
246,Fernando Mendoza,2023-05-19,Gillburgh
247,Bryan Hansen,2025-03-10,West Keithhaven
248,Kristopher Gray,2022-10-07,East Kimberly
249,Alejandro Burke,2024-04-03,Thomasmouth
250,Melissa Patton,2024-09-09,Lake Michelleport
251,Kimberly Stephens,2022-09-05,Lake Lukemouth
252,Oscar Taylor,2025-02-21,West Johnview
253,Deborah Coleman,2022-11-06,Marieview
254,Roger Morales,2023-05-23,Nelsonport
255,Mary Hernandez,2025-07-09,West Shawna
256,Mary Hamilton,2024-03-06,West Ronaldland
257,Sherry Garcia,2024-11-09,Anthonyview
258,Kathy Holmes,2024-11-08,North Kimberlyberg
259,David Franklin,2024-06-12,Vargasview
260,John Miller,2022-11-17,North Robertfort
261,Crystal Wilson,2022-11-18,Port Josephland
262,Kim Davis,2022-07-16,Lake Vanessaberg
263,Leah Swanson,2023-11-10,Jesseborough
264,Anthony Walton,2022-10-19,Williamsland
265,Sarah Taylor,2025-04-27,North Tanya
266,Ryan Harris,2023-10-11,New Pamela
267,Brenda Macias,2025-04-01,West Cheryl
268,Laura Hensley,2022-11-01,Bradleybury
269,Joel Johnson,2024-03-30,East Edwardview
270,Steven Nelson,2025-03-09,North Victor
271,Angel Mcpherson,2023-03-18,South Maria
272,Theresa Phillips,2022-11-08,Emilystad
273,Dawn Webb,2024-03-23,North Jeremyberg
274,Megan Harris,2022-08-16,North Lori
275,James Hamilton,2024-04-18,Lake Adrianashire
276,Barbara Galvan,2024-12-28,Smithberg
277,Chelsea Bridges,2024-07-29,Vazquezchester
278,Paula Harris,2023-08-30,Lake Candiceton
279,Julian Collins,2023-10-21,Christinamouth
280,Jeremy Wilson,2023-02-28,Jacksonside
281,Catherine Gray,2023-05-07,East Elizabeth
282,Natasha Palmer,2023-09-27,Brianborough
283,Willie Ramirez,2024-10-09,Port Karibury
284,Devin Rice,2025-07-10,Port Diana
285,Emily Murray,2023-11-12,Port Brian
286,Keith Peters,2024-01-02,Guzmanburgh
287,Briana Adkins,2022-11-07,New Sarahbury
288,Andrea Smith,2022-11-14,South Annefurt
289,Michael Garcia,2024-04-24,Williamsstad
290,Michael Castro,2024-08-30,North Seanport
291,Lauren Glover,2023-01-27,West Marystad
292,Jeffrey Davis,2023-10-29,West Latoyafurt
293,April Flores,2023-05-07,North William
294,Cory Lang,2025-03-04,Willieport
295,Steven Munoz,2022-11-08,West Elizabeth
296,Sarah Bishop,2024-07-25,Mariaview
297,Meagan Mcclain,2025-05-11,North David
298,Anthony Fisher,2023-06-28,Davishaven
299,Emily Bradley,2024-09-04,Deannaport
300,Matthew Reed,2022-09-30,Brownside
301,Lisa Manning,2024-07-20,West Samantha
302,Samantha Allen,2024-03-10,Fryeshire
303,John Patterson,2023-11-04,Lake Tammy
304,Christopher Wilson,2025-04-25,Sanfordtown
305,Eric Armstrong,2024-10-16,West Alexander
306,Mary Mcneil,2025-04-20,Rebeccamouth
307,Elizabeth Smith,2024-05-03,Hughesfurt
308,Isaac Cardenas,2024-01-11,West Jasonland
309,Pamela Rodriguez MD,2022-07-15,Garcialand
310,Michael Barnes,2023-02-06,Christianberg
311,Laura Washington,2023-08-19,East Sylviaton
312,Wendy Herrera,2023-06-06,Port Sydneyport
313,John Bell,2025-05-02,New Jessica
314,Cynthia Hale,2023-11-03,West Tammy
315,Terry Perez,2024-12-12,Tatebury
316,Karen Stout,2025-04-20,Anitaport
317,Brittany Brennan,2025-02-28,Chambersside
318,Brenda Montgomery,2025-01-08,North Arthur
319,Karen Bowman,2024-11-27,East Michelle
320,Jerry Garrison,2024-07-24,Smithborough
321,Erin Contreras,2023-01-03,Christianport
322,Stephen Kane,2025-05-07,North Pamelahaven
323,Christina Green,2023-04-06,Perezside
324,William Cruz,2024-07-28,Port Richard
325,Lisa Sullivan,2023-08-08,Dorothyborough
326,Antonio Dawson,2023-06-09,East Aliciatown
327,Andrew Ferguson,2022-11-14,New Michael
328,Daniel Bauer,2024-02-27,New Donaldton
329,Melissa Jacobson,2025-07-08,East Brittany
330,Taylor Andrews,2023-02-06,Maloneside
331,Crystal Harris,2023-07-16,Reynoldshaven
332,Matthew Peterson,2022-07-16,Soliston
333,Richard Hernandez,2023-11-27,New Calebside
334,Daniel Cain,2024-01-12,South Phillipbury
335,Ariel Thompson,2023-02-24,Alvaradoview
336,Julia Craig,2024-08-03,East Cynthiaview
337,Lawrence Brown,2023-10-17,New Joshuaburgh
338,Emily Steele,2024-12-18,Port Joshua
339,Justin Ingram,2024-01-02,Sandraton
340,Edward Gomez,2023-10-26,East Jenniferburgh
341,Amy Rivers,2024-01-07,South Shannon
342,Sara Young,2024-06-27,South Bryanberg
343,Greg Clark,2024-10-02,North Joseberg
344,Kristin Romero,2025-04-09,Christensenfort
345,Evan Hall,2024-12-29,Wilsonport
346,Renee Pineda,2024-02-29,Paynebury
347,Tara Sanders,2023-12-09,Port David
348,Joyce Lam,2024-07-17,Lake Dawnburgh
349,Sharon Schwartz,2024-08-27,West Amberbury
350,Anne Perry,2024-06-23,Lake Janetmouth
351,Nicholas Davis,2024-09-16,Port Erichaven
352,John Campbell,2023-10-29,Port Stephen
353,Jesse Sutton,2024-11-13,Port Vickiefurt
354,William Walker,2025-05-28,West Eric
355,Sabrina Smith,2024-06-04,Jenniferhaven
356,Damon Cooper,2023-06-17,North Juliefurt
357,Randy Watson,2025-07-10,North Nancy
358,Jocelyn Bradford,2022-09-02,Port Jessica
359,Brian Sharp,2025-04-11,East Suzanne
360,Debra Tanner,2023-02-05,Courtneyfurt
361,Jeffrey Hill,2023-09-07,Jackmouth
362,Paula Smith,2023-09-30,Donnatown
363,Sharon Stone,2024-05-08,Codyview
364,Sharon Morris,2023-01-30,Mirandamouth
365,Devon Miller,2024-08-10,North Kaylamouth
366,Michelle Harris,2024-03-15,Josephberg
367,Jonathan Newman,2022-08-14,Thomastown
368,Christopher Lawson,2023-06-23,Andersontown
369,Tina Bell,2023-11-07,New Wendyton
370,Christine Mora,2024-06-11,Christopherbury
371,Christine Kelly,2023-07-24,New Jonathan
372,Joseph Pierce,2023-12-21,Heatherfort
373,Kenneth Petersen,2024-10-12,Port Brendabury
374,Robert Elliott,2024-02-21,Lauraville
375,James Aguirre,2023-02-26,Cameronborough
376,Richard Anderson,2022-11-12,West Devonchester
377,Lisa Baker,2024-01-15,South Mackenziemouth
378,Alisha Castillo,2023-07-17,Melanieville
379,James Holden,2024-12-28,Hughesside
380,Katherine Dillon,2024-01-19,Shelleychester
381,Kelly Davis,2023-07-20,Joshuachester
382,Susan Sheppard,2024-08-11,Sheilaport
383,David Solomon,2023-12-06,West Jennifer
384,Laura Armstrong,2023-02-21,New Sergioton
385,Bryan Gibson,2024-04-10,Valenzuelabury
386,Gwendolyn Moss,2022-08-18,Tammiestad
387,Sharon Burton,2025-05-10,North Ashleymouth
388,Elizabeth Rich,2024-07-08,Shannontown
389,Robert Davidson,2024-07-15,Andrewchester
390,William Stephenson,2022-10-09,East Seantown
391,Katherine Riley,2024-05-22,East Timothymouth
392,Charles Booth,2025-02-26,Emilyville
393,Julie Booth,2025-01-09,West Miguel
394,Rebecca Hendricks,2024-12-05,Kimberlyview
395,Katherine White,2022-09-22,Ashleyside
396,Jennifer Bass,2025-03-08,Christopherburgh
397,Michael Munoz MD,2023-08-08,Oconnorburgh
398,Gregory Turner,2024-01-28,New Lisa
399,Heather Watson,2022-09-02,Heathermouth
400,Jeremy Miller,2022-12-23,Gomezbury
401,Kristi Gordon,2023-05-02,North Teresa
402,Patrick Collins,2023-07-07,Barbaraland
403,Darren Bailey,2025-02-05,Michaelton
404,Jacob Dodson,2024-07-19,South Richardborough
405,Karla Rogers,2025-02-04,Maynardburgh
406,Jonathan Baker,2025-02-14,Winterstown
407,Theresa Wyatt,2025-02-13,Claytonville
408,Catherine Stevens,2025-04-21,Nicoletown
409,Kayla Hamilton,2023-04-03,Davidmouth
410,Joseph Thompson,2025-01-29,Port Mistymouth
411,Jacqueline Riddle,2023-01-02,New Carlafort
412,Michele Weeks,2024-03-29,Sarahtown
413,Derek Jones,2025-01-05,Port Amyton
414,William Campbell,2023-09-02,Lake Kristaburgh
415,Rodney Gordon,2023-05-26,South Brooke
416,Kim Simmons,2024-05-18,Marymouth
417,Omar Chan,2022-10-24,Port Timothy
418,Jacob Campos,2023-09-27,Ramosfort
419,Christopher Cox,2023-07-10,South Teresa
420,James Dorsey,2024-04-15,New Christophermouth
421,Thomas Palmer,2024-09-14,Emilyville
422,Debbie Ward,2025-07-13,Danielmouth
423,Timothy Bennett,2022-08-10,Thompsonborough
424,Courtney Ferguson,2023-03-24,Wonghaven
425,Sarah Rivera,2024-04-21,Hartmanberg
426,Mr. Brandon Swanson,2023-11-22,Heatherport
427,Melissa Lee,2024-05-14,Kellerside
428,Robert Allen,2025-05-08,Port Rogerfurt
429,Kristin Moore,2024-08-21,Joshuatown
430,Vincent Chapman,2024-03-03,Robertchester
431,Keith Caldwell,2024-04-12,New Joseph
432,Sheila Copeland,2025-05-09,North Tina
433,Edgar Shea,2023-09-09,New Juliechester
434,Katelyn Romero,2023-01-09,Boyershire
435,Diana Mack,2024-10-10,Cohenberg
436,Trevor Clark,2023-01-20,Lake Ashley
437,Joyce Frey,2025-01-08,Snyderburgh
438,Craig Bowen,2023-07-08,Contrerasshire
439,Samuel Thompson,2022-09-13,West Stephanie
440,Melissa Calhoun DDS,2024-07-04,South Lindsay
441,Andrea Wilkinson MD,2024-02-10,Silvabury
442,Rachel Travis,2025-04-13,Laurenberg
443,Tammy Wilson,2024-09-15,Port Annette
444,Joseph Moore,2025-04-08,Youngchester
445,Dr. Susan Morales DDS,2024-12-20,New Charles
446,Melanie Christensen,2024-05-27,East Yolandaland
447,Lauren Carrillo,2025-06-25,Port Amyborough
448,Jodi Johnson,2024-07-15,East Albertview
449,Jordan Morrison,2025-05-22,West Matthewville
450,Pamela Johnson,2023-06-29,South Robertmouth
451,Cynthia Adams,2024-04-19,South Kathleenshire
452,Danielle Simmons,2024-01-05,Amandahaven
453,Nicholas Wilkinson,2024-03-02,New Derrick
454,William Richard,2024-04-21,Alicialand
455,Amy Daniels,2023-12-23,North Henryville
456,Keith Cohen,2025-02-26,West Nancyburgh
457,Thomas Reyes,2025-01-23,New Evan
458,Donald Willis,2023-12-15,East Kyle
459,Catherine Walters,2023-11-23,Port Kaitlyn
460,Ryan Harvey,2024-02-28,Christinahaven
461,Michael Mills,2023-03-25,Port Stevenshire
462,Rhonda Carpenter,2023-08-28,Becktown
463,Benjamin Jenkins,2024-10-11,Shellychester
464,Nicholas Pennington,2023-02-08,Lake Kristin
465,Theresa Bradley,2024-03-17,North Jessica
466,Brandon Jones,2024-12-14,New Nathaniel
467,Kristi Berry,2024-09-07,Dannyhaven
468,Amanda Boyd,2022-09-04,West Cameron
469,James Stevens,2024-09-20,West Crystalmouth
470,Jonathan Frank,2022-09-09,South Debraburgh
471,Stephanie Sanchez,2023-11-05,East Ricky
472,Michael Scott,2023-06-27,Sotoburgh
473,Donald Stone,2025-01-19,Johnsonborough
474,Kaitlyn Flynn,2022-07-22,West Andrew
475,Laura Ward,2024-05-29,Danielchester
476,Sara Flores,2025-06-23,Port David
477,Tony Dickson,2024-04-16,Nancyside
478,Ronnie White,2024-10-13,East Scott
479,Victoria Fuentes,2023-08-04,Jasonmouth
480,Lisa Fuentes,2024-01-03,East Kimberlyhaven
481,Anthony Williams,2025-01-14,South Candace
482,Michael Ray,2023-12-14,Saundersfurt
483,Matthew Clark,2025-05-29,South Courtney
484,Jeffery Harris,2024-03-30,Martinmouth
485,Amber Valdez,2023-09-24,West Kimberly
486,Michael Estrada,2024-03-09,Michaelmouth
487,Erica Rogers,2025-06-24,Samanthatown
488,Sean Aguilar,2024-06-04,New Scott
489,Cassandra Ruiz,2023-11-21,Lake Christineshire
490,John Patterson,2023-06-29,South Sylviaburgh
491,Matthew Griffith,2024-11-01,East Amyborough
492,Richard Davis,2023-08-04,East Heather
493,Lynn Johnson,2025-03-23,Port Christinechester
494,Eric Hunt,2023-02-12,Longstad
495,Joseph Griffin,2023-10-12,Morrismouth
496,Nicholas Bradley,2024-07-16,Aguilarchester
497,Emily Thompson,2022-12-14,East Aaron
498,Teresa Bridges,2024-09-07,Port Kathy
499,Tracy Smith,2025-04-26,Lake Laura
500,Marie Reed,2022-11-17,Warrenville
501,Austin Rowland,2025-03-16,Charlesview
502,Paul Smith,2023-02-20,Adamsburgh
503,Timothy Zimmerman,2025-06-16,Colemanside
504,Jill Gibson,2023-01-22,Lake Katelyn
505,Tiffany Douglas,2024-07-18,Charlesfurt
506,Carl Winters,2022-11-01,Parsonsborough
507,Yesenia Mcintosh,2025-05-31,South Karlaville
508,Timothy Taylor,2023-09-10,Port Markshire
509,Mark Hayes,2023-02-07,South Latasha
510,Michael Peters,2023-04-03,Jacksonburgh
511,Nathan Harper,2023-07-03,East Tabitha
512,Peter Parker,2023-01-17,North Kristin
513,Kirk Morgan,2025-01-11,Wigginsfort
514,James Best,2022-08-03,Jacquelinechester
515,Justin Turner,2025-03-17,North Lisaton
516,Michael Green,2025-03-15,North Christopherberg
517,Jeffrey Thomas,2024-02-15,Larsenhaven
518,Donald Good,2024-10-22,North Ashley
519,Sara Howard,2024-12-23,Turnerburgh
520,Emily Kerr,2024-09-23,Lake Kristine
521,Alexander Perez,2022-11-06,South Samantha
522,Stanley Stafford,2024-11-04,Nancyville
523,Joseph Strong,2024-07-26,Curtisfurt
524,Christina Taylor,2024-12-07,Lake David
525,Kathryn Taylor,2024-07-21,Brownhaven
526,Ashley Williams,2024-10-21,East David
527,Chad Welch,2024-04-05,New Amyshire
528,Mark Martinez,2024-01-11,West Paul
529,Cody Marshall,2025-07-13,Williamsville
530,Michael Massey,2023-12-03,West Davidtown
531,Diamond Eaton,2022-12-10,North Lancechester
532,Daniel Shaw,2022-09-21,Coreyville
533,Brittany Bradford,2022-10-13,South Stephanie
534,Gregory Brown,2022-12-01,New Matthewfurt
535,Robert Mccall,2022-11-13,Lake Timothy
536,Brianna Lindsey,2022-10-27,Staceymouth
537,Christine Wilson,2024-09-02,Staceyburgh
538,Michele Hall,2024-10-18,Simpsonside
539,Elaine Scott,2023-04-08,Port Daniel
540,Eugene Moore,2024-10-28,South Danielbury
541,Kyle Stanley,2023-04-03,Lake Amanda
542,Jasmine Hayden,2024-03-27,East Kellieside
543,Thomas Brennan,2024-01-12,New Nancystad
544,Marisa Mendez,2024-06-24,New Matthew
545,Briana Wallace,2024-03-28,Danamouth
546,Daniel Patton,2023-12-09,West Ashleyville
547,Jessica Aguirre,2025-06-16,West Joshua
548,Lindsay Jensen,2023-01-06,Sanchezside
549,Michael Castillo,2023-10-10,Mosesmouth
550,Chad Li,2024-11-19,Bobbyside
551,Margaret Brown,2024-11-17,Clarkechester
552,Micheal Jackson,2023-07-28,South John
553,Elizabeth Sanchez,2023-07-16,Dayport
554,Julia Bautista,2024-08-31,East Kevin
555,Jennifer Carlson,2025-05-08,New Benjaminton
556,Teresa Wong,2023-03-02,West Rhonda
557,Meagan Sims,2023-12-10,Lake Tinashire
558,Anthony Conner,2025-03-19,Port Erinfurt
559,Jonathan Sullivan,2024-04-12,Port Lorettahaven
560,Lisa Smith,2025-04-25,North Kathryn
561,Terry Lopez,2022-12-20,Carolynborough
562,Kristine Morrison,2024-07-26,Whitneybury
563,Heather Williams,2023-07-02,Ashleyborough
564,Jamie Harrison,2023-09-04,Lake Nicholas
565,Whitney Williams,2025-02-26,Lake Juliafort
566,Corey Carter,2024-10-03,Latoyamouth
567,Darren Ross,2023-05-17,New Rachel
568,Robert Miller,2024-11-11,Paulaland
569,Stephanie King,2023-04-20,Espinozamouth
570,Katie Morris,2024-08-12,Port Jeffrey
571,Donald Rogers,2024-09-29,Morrisonmouth
572,Alexandria Gregory,2024-01-28,Scottside
573,Dr. Jack Reynolds MD,2023-03-15,Lake Katherine
574,Lisa Ramirez,2022-11-16,South Jean
575,Jeffrey Guzman,2024-04-09,Simpsonview
576,Theresa Mayo,2024-01-14,North Brian
577,Angela Miller,2023-08-14,East Madison
578,Martin Kim,2024-11-11,Port Samantha
579,Catherine Miller,2023-11-11,Port Tiffanychester
580,Juan Schwartz,2024-06-10,Masontown
581,Marcus Williams,2025-04-18,West Donna
582,Christina Johnson,2023-09-22,Mikebury
583,Michael Harrington,2024-05-08,Lake Michelle
584,James Sandoval,2022-12-03,Port Jacqueline
585,Mitchell Weiss,2023-04-27,Port Ryan
586,Andrew Barr,2023-02-03,South Angelica
587,Frank Freeman,2022-12-02,Jenkinsstad
588,Maria Smith,2023-09-10,West Brandon
589,Roger Garcia,2024-02-10,Lake Isaac
590,Thomas Gray,2024-04-14,South Marvin
591,Jose Dominguez,2024-03-22,West Hannahhaven
592,Brianna Davis,2022-11-18,North Lisaland
593,Paul Gutierrez,2025-07-01,Cainton
594,John Hammond,2025-02-22,Meyerbury
595,Mary White,2023-07-22,Cooleyshire
596,Ralph Daniels,2025-02-22,Port Madelineland
597,Christopher Lopez,2024-03-01,Lake Charlesburgh
598,Joshua Wade,2023-05-05,Lake Jack
599,Angel Wood,2023-04-28,Kathleenborough
600,Ashley Horne,2024-12-01,East Johnton
601,Abigail Rogers,2025-01-14,East Lydiaside
602,Joseph Villarreal,2023-07-05,Andrewton
603,Amber Johnson,2024-05-25,New John
604,James Soto,2023-01-15,Cranehaven
605,Nicholas Rangel,2023-10-02,West Samantha
606,Brendan Clayton,2022-09-26,Lake Pamelafort
607,Steven Green,2024-05-08,Michaelfurt
608,Omar Sutton,2023-04-29,Campbellchester
609,Aaron Foster,2023-04-22,Mccannhaven
610,Kevin Owens,2023-03-28,North Justin
611,Paul Clayton,2024-05-04,South Benjamin
612,Michael Johnson,2025-01-04,Freemanside
613,Jaclyn Lee,2025-03-31,East Caseyside
614,James Bond,2025-05-05,Cohenstad
615,John Singleton,2024-04-01,East Donna
616,Melissa Hayden,2024-01-26,West Thomasstad
617,April Montgomery,2025-06-27,Charlesburgh
618,Christopher Ritter,2022-11-15,Michelleton
619,Bryce Lopez,2025-05-03,Collinsview
620,Jamie Ellis,2024-02-05,Andradefurt
621,Dr. Cynthia Paul,2024-04-23,South Teresa
622,Jeremy Ortega,2023-04-28,North Joshua
623,Brianna Reese,2023-08-26,Stewarttown
624,Jesse Wilson,2024-03-30,West Brettburgh
625,Stephanie Turner,2024-08-28,Williamstad
626,Richard Allen,2023-06-19,Duncanview
627,Brian Martin,2024-12-13,Lake Steven
628,David Melendez,2023-06-17,Calhounville
629,Jon Oneill,2023-06-25,Wolfville
630,Jeremiah Martin,2023-09-17,West Michaelville
631,Kevin Nguyen DDS,2024-10-18,Novakmouth
632,Sarah Golden,2023-03-23,West Melissafort
633,Lisa Jackson,2024-12-15,West Natalie
634,Kerry Matthews,2023-01-11,North Christina
635,Stephanie Gray,2025-02-15,Josephside
636,Russell Williams,2023-04-20,Danielland
637,David Wong,2025-04-11,Port Kaylafurt
638,William Dennis,2024-08-20,Kimville
639,Samuel Mathews,2024-07-04,New Frankfort
640,Dr. Ernest Jensen,2023-01-06,East Jordan
641,David Matthews,2025-03-02,Gibsonside
642,Cody Howard,2024-06-07,Zacharyburgh
643,Laura Edwards,2025-05-18,North Vincenttown
644,Keith Hatfield,2023-01-14,Robertbury
645,John Hernandez,2025-04-16,Russellstad
646,Edward Downs,2023-05-14,East Jeffreyview
647,Stephen Brady,2025-01-05,Reynoldsstad
648,Dennis Cardenas,2023-07-18,Calvinport
649,Lynn Gonzalez,2024-07-03,East Paulahaven
650,Shannon Smith,2024-06-11,Lake Dawn
651,Amy Conley,2024-03-08,Brendanport
652,Jeremy Robinson,2024-11-28,South Juan
653,Kayla Bishop,2023-12-06,Williamhaven
654,Linda Bradley,2025-02-08,Lunachester
655,Terri Green,2023-05-21,Powellview
656,Alexander Thompson,2024-11-28,South Williamport
657,Vanessa Booth,2023-03-26,Billmouth
658,Joseph Mason,2023-03-07,New Thomas
659,Terri Miller,2024-08-29,Shawstad
660,Heather Lewis,2022-12-04,East Gregory
661,Brandon Morgan,2024-11-26,East Pamela
662,Valerie Palmer,2022-07-28,East Brian
663,Mr. Robert Wilkins,2024-03-19,Pamelashire
664,Gregory Goodwin,2022-08-16,East Bruce
665,Daryl Wade,2024-07-29,Haneyhaven
666,Brittany Castro,2024-04-26,Johnberg
667,Michael White,2024-12-27,North Marymouth
668,Mark Thomas,2024-07-17,Sergiofort
669,Samantha Ferrell,2025-03-24,North Antonio
670,Robert Williams,2024-09-06,West Alexview
671,Roger Arnold,2024-08-27,Dannyland
672,Peter Blair,2023-09-19,South Veronica
673,Pamela Hansen,2025-04-30,East Matthew
674,Scott Martinez,2023-07-13,Pollardshire
675,Kurt Young,2024-12-19,Lake Scottshire
676,Shane Williams,2024-08-06,Robinville
677,Allison Russell,2024-03-29,Anthonyborough
678,Felicia Green,2024-11-07,Denisetown
679,Stacie Snyder,2023-08-25,Gardnermouth
680,Dr. Margaret Smith DDS,2024-09-10,Clarkborough
681,Erica Cox,2024-12-27,West Calebland
682,Richard Murphy,2025-03-09,Port Beverlyland
683,Kathy Leach,2023-04-27,West Gregville
684,Robert Yang,2022-08-24,North Aprilbury
685,Connie Williams,2024-10-23,Fordburgh
686,Jill Johnson,2023-11-12,Rogerborough
687,Victoria Franklin,2024-10-24,Youngstad
688,Heather Bell,2023-09-15,Port Tylerview
689,Kathleen Park,2023-08-31,South Stephanie
690,Elizabeth Miranda,2023-06-22,Durhamfort
691,Robert Hodge,2023-11-28,South Jessicatown
692,Mary Galvan,2023-12-02,Lake Reginald
693,Sarah Nguyen,2025-01-28,Lake Kendra
694,Gregory Robbins,2023-04-01,North Katherinefurt
695,Colleen Gonzalez,2024-03-31,Reyeshaven
696,Nathan Cooper,2025-05-24,Lake Edwinmouth
697,Thomas Mack,2022-10-28,Lake Andreashire
698,Scott Alvarado,2023-09-18,Port Aaronside
699,Teresa Lyons,2024-12-20,Port Ana
700,Matthew Martin,2023-05-06,Murrayshire
701,Thomas Hall,2022-11-10,Millerfurt
702,Morgan Lewis,2025-06-13,West Andreaberg
703,Katie Harrison,2023-10-27,New Paulmouth
704,Wesley Perry,2024-02-02,Lake Megan
705,Amy Crane,2023-10-08,Swansonton
706,Andrew Gonzalez,2025-05-27,Bethanyberg
707,Matthew Lawson,2022-12-31,North Joseph
708,Joanne Wilson,2023-12-05,Albertborough
709,Carl Fuller,2025-06-20,Herreraview
710,Robin Gross,2024-10-07,South George
711,Steven Collins,2025-03-29,Angelaview
712,Jessica Navarro,2025-02-05,Port Lisaborough
713,Joseph Juarez,2025-03-20,East Robertside
714,Richard Adams MD,2022-09-14,East Stacey
715,Margaret Logan,2023-12-13,Theresafort
716,Kevin Williams,2022-12-22,Kaylaland
717,Albert Ryan,2024-03-20,West Francisco
718,Cheryl Lozano,2022-08-04,Gomezstad
719,Bobby Hernandez,2024-03-12,Timothyshire
720,Deanna Smith,2023-04-19,Michaelstad
721,Mary Jackson,2023-08-20,Brittanyborough
722,Jessica Williams,2024-12-03,Lake Gloriafort
723,Tamara Martinez,2025-03-04,West Julia
724,Angel Richards,2025-03-15,New Johnathanchester
725,Katie Howard,2023-09-02,Samanthaberg
726,Michael Taylor,2023-12-12,Hannahview
727,Rhonda Irwin,2025-04-16,Pamelatown
728,Christina Rodriguez,2023-05-26,Lake Gabrielleland
729,Nicole Schwartz,2023-07-26,South Devinville
730,Kristin Webb,2024-05-14,Rodriguezport
731,Paul Moody,2023-06-29,Joanmouth
732,Joshua Davis,2025-02-18,Mooreborough
733,Rebekah Anderson,2023-07-24,Lake Matthew
734,Joanna Smith,2025-02-18,Lake Christine
735,Gail Mcclure,2022-10-11,North Patrickport
736,Cody White,2025-03-19,South Allen
737,Jonathan Campbell,2025-02-05,Thomasborough
738,Alicia Johnston,2025-05-19,Gonzalezland
739,Sherri Allen,2025-03-23,Cooperview
740,Raymond Case,2025-05-28,East Amber
741,Natasha Grimes,2022-11-12,Fowlermouth
742,Tammie Washington,2023-12-12,Donaldtown
743,John Wagner,2022-12-22,Stevenview
744,Juan Graham,2024-10-02,Traciville
745,Tracy Williams,2023-05-02,Port Frankmouth
746,Russell Gonzalez,2023-01-15,South Lauramouth
747,Amanda Bernard,2024-07-22,Lake Denisemouth
748,Brittany Jennings,2024-07-24,Taylorside
749,Emily Munoz,2024-10-19,Lake Jeffrey
750,Aaron Williams,2022-11-05,Smithfurt
751,Stephanie Willis,2024-11-27,Teresabury
752,Jason Lane,2023-06-11,Carmenstad
753,Cory Parks,2022-10-26,South Sandraburgh
754,Eric Romero,2022-12-25,West Amandafurt
755,April Griffin,2023-11-01,Palmerchester
756,Betty Powell,2023-03-11,Port Jessicaborough
757,Christine Powell,2025-06-05,South Donald
758,Nathan Green,2024-11-12,West Toddview
759,Robert Pope,2024-04-19,Michaelburgh
760,Jonathan Williams,2022-08-18,East Aprilland
761,Paul Cox,2024-12-18,North Michael
762,Kathryn Smith,2025-01-07,East Carolyn
763,Jeremy Rogers,2024-05-06,East Matthewton
764,Jamie Martinez,2025-06-26,Port Darrell
765,Lisa Good,2023-06-07,West Lisashire
766,Linda Jenkins,2025-02-10,South Courtneyfort
767,Danny Paul,2023-12-08,Evanshire
768,Jose Brown,2022-10-29,Bestport
769,Aaron Lane,2025-06-15,New Edwinmouth
770,Jacob Simmons,2025-01-06,South Williamside
771,Charles Durham,2022-11-18,Lisamouth
772,George Smith,2022-07-16,Port Alanchester
773,Barbara Roman,2024-05-09,North Jessicastad
774,Elizabeth Bradley,2025-04-01,Keithshire
775,Maria Lewis,2025-02-02,Phillipsborough
776,Melissa Diaz,2024-01-05,Nguyenchester
777,Whitney Williams,2022-12-12,Mcconnellburgh
778,Tiffany Garner,2024-11-14,Melissaside
779,Brittany Johnson,2025-06-03,Longview
780,Ariel Gonzalez,2023-01-18,Richardchester
781,Stephanie Mcfarland,2023-10-02,Heiditon
782,Anthony Thompson,2022-09-05,Port Johnbury
783,Daniel Garcia,2023-07-13,Woodwardview
784,Melissa Martinez,2025-04-07,Traceyland
785,Sharon Ryan MD,2023-02-10,Port Patrickfurt
786,Sean Richard,2023-03-06,Port Aliciafort
787,Marissa Richardson,2025-01-06,Bruceside
788,Shelly Velasquez,2025-02-05,North Aaron
789,Mary Mcdonald,2023-11-19,Lake Terrifort
790,Nicole Williamson,2023-11-03,West Jamesland
791,Elizabeth Sullivan,2025-04-17,Port Matthew
792,Lucas Robinson,2025-03-27,Emmafort
793,Heather Mcmahon,2023-02-16,Erichaven
794,Julie Tanner,2025-03-28,North Benjaminstad
795,Andrea May,2022-08-24,East Rachaelberg
796,Colleen Martinez,2024-10-28,Port Robertmouth
797,Anna Franklin,2024-03-01,Kennethfort
798,Ronnie Luna,2024-05-16,New Michael
799,Robin Blair,2024-07-06,East Maryport
800,John Ruiz,2022-08-30,East Anthonychester
801,Tanya Barnes,2023-07-31,Moorebury
802,Kenneth Torres,2023-05-15,Cynthiaside
803,Douglas Mercer,2024-12-09,Cynthiaside
804,Ryan Bonilla,2024-08-09,Joshuaburgh
805,Ruth Kane,2023-10-07,New Kelly
806,Erin Hudson,2022-07-15,Port Michaeltown
807,Shane Clark,2023-12-28,Perezfurt
808,Clinton Larson,2022-10-14,New Kelly
809,Carol Mendoza,2022-09-24,Stacyville
810,Joseph Fleming,2023-07-14,Lake Raymondport
811,Kiara Myers,2024-02-06,New Michael
812,Mrs. Jennifer Simpson,2023-03-30,Coxshire
813,Heidi Doyle,2025-03-16,Mitchellmouth
814,Shannon Frank,2024-01-04,South Tyler
815,Amy Welch,2023-01-24,West Jake
816,Anthony Sanford,2023-08-03,West Mariahview
817,William Wilson,2024-12-03,South Joycechester
818,Garrett Estrada,2025-03-02,Joshuaton
819,Alice Thomas,2023-08-01,Joshuaside
820,Lucas Burgess,2025-04-17,Port Peter
821,Amy Garcia,2023-12-24,New Lawrenceport
822,James Leonard,2022-10-31,West Joyfort
823,Margaret Robinson,2023-10-03,Bakerland
824,George Potter,2022-10-13,New Andrea
825,Terri Lewis,2025-02-20,Kathleenborough
826,Christina Hogan,2023-01-15,East Devinton
827,Jennifer Jones,2025-07-05,West Jessica
828,Karen Rogers,2025-03-22,East Brian
829,Michelle Huerta,2023-03-18,Port Davidberg
830,Thomas Silva,2024-08-29,Williamsmouth
831,Kenneth Dominguez,2023-12-03,Port Daniel
832,Deborah Aguilar,2022-12-14,North John
833,Brittany Cruz,2024-11-05,Debrastad
834,Donna Macdonald,2025-05-25,Colemanborough
835,Brittany Richardson,2025-05-21,Lake Caitlinmouth
836,Samantha Lewis,2023-07-20,East Douglasview
837,Dr. Julie Clark,2023-06-28,South Rebeccashire
838,Joshua Mathis,2024-03-09,Lynnberg
839,Brenda Johnson,2024-12-31,Roachport
840,Alexandria Smith,2025-01-12,Jamesfurt
841,Ashley Silva,2023-07-06,Laurafort
842,Jesse Clark,2022-10-13,New Teresa
843,Stephanie Smith,2025-06-12,Kathystad
844,Samuel Ramirez,2022-08-13,New Jennifer
845,Kathryn Ray,2023-11-08,Matthewberg
846,David Flores,2024-03-22,Lake April
847,Kimberly Collins,2023-05-12,Lake Stephanieside
848,Robert Powell,2023-10-03,Chanfurt
849,Christopher Dennis,2025-04-09,Bowersbury
850,Valerie Owens,2023-04-05,South Davidstad
851,Jamie Edwards,2023-12-11,Laurenfort
852,Michael Moore,2024-01-11,Lake Brian
853,Carlos Collins,2023-06-01,Walkerport
854,Karen Williams,2024-10-14,Alisonmouth
855,Vanessa Meyer,2025-05-17,East Christine
856,Warren West,2023-05-02,Lake Belindatown
857,Jason Moses,2022-07-27,West Williamton
858,Justin Smith,2024-01-09,Port Jeremy
859,Michelle Lyons,2023-12-21,East Tricia
860,Crystal Daniel,2025-03-13,Lydiaview
861,Michael Williams,2024-05-11,Davenporttown
862,Nicole Medina,2022-07-28,Stanleyfurt
863,Daniel Weiss,2024-08-03,West Tamarastad
864,John Snyder,2023-06-19,Dennismouth
865,Jonathan Thompson,2022-09-04,Oliviatown
866,Monica Williams,2025-04-14,Heatherport
867,Kristin Moss,2024-06-19,Mathewsbury
868,Brittany Barker,2023-04-06,Alyssaborough
869,Andrew Baker,2025-01-23,Jenkinstown
870,Julie Gutierrez,2025-04-07,West Jeffery
871,Brian Young,2023-02-13,Charlesberg
872,Shane Charles,2022-09-16,Waltersborough
873,Timothy Hanson,2024-01-29,New Bethbury
874,Richard Gutierrez,2023-12-25,North Jorgebury
875,Debra Hall,2024-07-10,North Hayden
876,Patricia Gregory,2023-12-26,Port Thomas
877,Candice Brandt,2025-02-10,Wilsonton
878,Nancy Bowen,2023-05-15,Smithside
879,Tracy Weaver DVM,2023-08-24,South Cameron
880,Frederick Lewis,2025-06-07,Lake Dale
881,Faith Wilson,2023-06-04,South Ronnieville
882,Tiffany Goodman,2025-06-17,Wattsbury
883,Rachel Best,2024-01-19,East Robert
884,Daniel Rich,2022-10-22,East Brianfort
885,Philip Decker,2023-08-05,Lake Rebeccaside
886,Peter Mays,2024-01-05,North Amyside
887,Jesse Olson,2023-12-29,Fieldsmouth
888,Jennifer Gilbert,2025-04-24,Brownberg
889,John Matthews,2024-08-05,South Phillip
890,Brian Davis,2023-02-16,Ashleytown
891,Tanya Pena,2024-03-12,Reyesburgh
892,Lynn Guerrero,2024-01-26,Chaseside
893,Samantha Reynolds,2023-04-09,Alexanderfort
894,Cheryl Miller,2023-02-21,North Robertport
895,Ryan Gibson,2023-05-26,Robertton
896,Christy Montgomery,2024-02-03,North Bailey
897,John Murphy,2024-03-13,Sanchezmouth
898,Kelsey Johnson,2023-02-17,Rubenfort
899,Anthony Lee,2024-04-19,Heatherton
900,Suzanne Morrison,2025-01-31,South David
901,Hector Henry,2022-09-24,New Kellyview
902,Jonathan Ayala,2023-01-17,North Loriside
903,Darin Yoder,2024-01-06,Cruzhaven
904,Kimberly Garcia,2023-08-21,Robertville
905,Melinda Rojas MD,2023-05-18,West Frankshire
906,April Ballard,2025-02-13,Nelsonfurt
907,Brittany Martinez,2024-12-03,Elizabethland
908,Lee Evans,2022-12-11,Stevenchester
909,Nicholas Berry,2022-08-29,North Lisa
910,Sarah Jones,2024-02-13,East Angelahaven
911,Sarah Atkinson,2024-08-02,East Susanmouth
912,Amanda Rodriguez,2025-03-08,Port Juliebury
913,Kevin Montoya,2025-05-24,North Danielle
914,Brian Hendricks,2023-07-21,Lake Austinville
915,Stacie Preston,2023-10-01,Edwardsmouth
916,Elizabeth Lang,2023-05-17,Port Robertfort
917,Robert Brewer,2023-09-22,Charlesmouth
918,Bryan Hebert,2025-07-09,Justinside
919,Jorge Jennings,2024-05-05,Alexishaven
920,Katherine Kennedy,2024-11-10,Carolinemouth
921,Alyssa Gordon,2025-02-25,Weberton
922,Lindsey Burgess,2022-07-28,Port William
923,Luke Rowe,2023-08-28,Lake Joshua
924,Tammy Montoya,2023-01-07,New Veronica
925,Tamara David,2022-12-07,New Molly
926,Ashley Barnes,2023-08-18,Lisamouth
927,Tiffany Brooks,2025-05-24,New Tracifurt
928,Jennifer Soto,2024-12-14,North Jasminemouth
929,Sarah Maynard,2025-01-09,North Destinyland
930,Veronica Lawrence,2023-01-27,New Josephchester
931,Jeffrey Taylor,2025-01-31,Port Matthewstad
932,Christian Gibson,2024-01-22,North Austin
933,Amy Brown,2023-04-25,Longtown
934,Beverly Baker,2023-05-23,Staceyville
935,Brenda Gomez,2024-04-28,West Juan
936,Katherine Mueller,2023-11-03,North Lisachester
937,Melissa Snyder,2024-01-22,East Stevenhaven
938,Travis Hall,2023-01-25,Christensenland
939,Nathan Greer,2022-10-01,North Sandraberg
940,Mark Morales,2022-07-16,Brittanyville
941,Michael Henderson,2023-03-19,West Kim
942,Derek Kerr,2023-05-07,North Jake
943,Sharon Bishop,2024-10-20,East Catherine
944,John Ward,2024-08-24,Judithside
945,Stephanie King,2023-05-06,Jeffreystad
946,Heather Lane,2022-11-11,Angelachester
947,William Buchanan,2023-02-22,Jennachester
948,Susan Todd,2023-08-26,Lauraburgh
949,David Leonard,2023-06-28,Lake Johnland
950,Michael Dyer,2024-04-07,North Patrickville
951,John Jordan,2023-05-05,Miguelchester
952,Hunter Briggs,2022-10-29,Nicholasstad
953,Sherry Lopez,2023-02-20,Port Karihaven
954,Christopher Gonzalez,2023-01-13,North Breannaberg
955,Brenda Cruz,2024-03-24,Robinsonberg
956,Nicholas Wilkinson,2025-06-04,South Tonya
957,Regina Mccarthy,2023-01-18,New Dannychester
958,Julian Schneider,2025-02-21,Mcgeemouth
959,Terry Ortiz,2024-06-01,North Gary
960,Judy Jennings,2025-04-11,East Joann
961,Corey Oconnell,2025-05-18,New Jonathan
962,Kari Hines,2024-01-25,South Sarah
963,Stuart Moore,2023-03-28,East Bradley
964,Dale Odom,2023-10-22,Olsenport
965,Ashley Mcdonald,2024-07-12,Willisside
966,Jason Roy,2022-12-14,Taylorhaven
967,Allison Atkins,2024-08-17,Geneberg
968,Sabrina Cooper,2024-09-29,Marshtown
969,Jacob Clarke,2022-12-28,Jeremyport
970,Jason Knapp MD,2025-04-02,Jacksonside
971,Katelyn Wood,2022-11-28,Lake Danielleview
972,Melissa May,2022-12-19,East Leah
973,Brian Mathis,2023-07-04,Mallorychester
974,Dr. Daniel Mcfarland PhD,2024-11-30,Lindaview
975,Paul Watkins,2022-09-17,Careyborough
976,David Brown,2023-10-08,Lisaport
977,Aaron Flores,2023-10-21,North Natasha
978,Brian Smith,2022-07-24,Marshton
979,Meagan Cole,2025-03-26,Port Heathershire
980,Donna Munoz,2024-06-11,Erneststad
981,Francisco Wilkinson,2023-06-29,Chapmanshire
982,Tracy Miller,2023-04-10,Carrollshire
983,Ian Hernandez,2025-06-19,New Elaine
984,Laura Mcknight,2022-12-18,North Charlesville
985,Christopher Bautista,2024-03-28,Karenshire
986,Jessica Cooley,2023-08-29,North Meganbury
987,Mark Ruiz,2023-05-06,Port Timothy
988,Alexander Lee,2023-08-13,East Kathleenview
989,Christopher Weeks,2022-10-13,Port Kristen
990,Jessica Taylor,2023-06-07,New James
991,Mark Mccormick,2025-04-03,Lake James
992,Mackenzie Campbell,2025-03-27,New Matthew
993,Jason Wiggins,2025-05-26,Johnsonberg
994,Pamela Stephens,2023-01-26,North Aaron
995,Ryan Shaffer,2024-09-17,New Jonathanview
996,Ricky Turner,2023-12-17,New Heather
997,Douglas Nguyen,2023-09-28,Kathleenside
998,Jacob Carson,2024-07-06,North Dannybury
999,Cameron Johnson,2023-04-16,Wrighttown
1000,Eric Hogan,2025-04-01,West Katherine
